<?xml version="1.0" encoding="UTF-8" standalone="yes"?>
<addon id="plugin.video.Mr.T_TV"
       name="Mr.T-TV"
       version="0.0.1"
       provider-name="Seebo Network">
  <requires>
    <import addon="xbmc.python" version="2.1.0"/>
	<import addon="script.module.beautifulsoup" version="3.0.8"/>
    <import addon="script.module.simple.downloader" version="0.9.1"/>
    <import addon="script.module.simplejson" />
  </requires>
  <extension point="xbmc.python.pluginsource"
            library="default.py">
        <provides>video</provides>
  </extension>
  <extension point="xbmc.addon.metadata">
    <summary>Dave TV</summary>
    <description>Gets all the latest of Mr.T TV Films</description>
    <platform>all</platform>
  </extension>
</addon>